StudentName,StudentID,DisciplineEventDesc,MonthName
"Aaron  Selig",3327,"AGGRESSIVE BEHAVIOR","November 2008"
"Aaron  Selig",3327,"ARMED ROBBERY","November 2008"
"Aaron  Selig",3327,"AGGRAVATED BATTERY","October 2008"
"Abu  Bakhach",1264,"AGGRAVATED BATTERY","December 2009"
"Abu  Bakhach",1264,"MULT CLASSROOM OFFENSES, PARENT NOTIFIED","December 2009"
"Abu  Bakhach",1264,"AGGRAVATED BATTERY","February 2010"
"Abu  Bakhach",1264,"MULT CLASSROOM OFFENSES, PARENT NOTIFIED","February 2010"
"Abu  Bakhach",1264,"AGGRESSIVE BEHAVIOR","January 2010"
"Abu  Bakhach",1264,"ARMED ROBBERY","January 2010"
"Abu  Bakhach",1264,BULLYING,"January 2010"
"Abu  Bakhach",1264,"DRESS CODE VIOLATIONS","January 2010"
"Adam Trukawka",3457,"AGGRAVATED BATTERY","December 2008"
"Adam Trukawka",3457,"ARMED ROBBERY","December 2008"
"Adam Trukawka",3457,BULLYING,"December 2008"
"Adam Trukawka",3457,"DRESS CODE VIOLATIONS","December 2008"
"Adam Trukawka",3457,"MULT CLASSROOM OFFENSES, PARENT NOTIFIED","December 2008"
"Adam Trukawka",3457,"AGGRAVATED BATTERY","November 2008"
"Adam Trukawka",3457,"AGGRESSIVE BEHAVIOR","November 2008"
"Adam Trukawka",3457,"DRESS CODE VIOLATIONS","November 2008"
"Adam Trukawka",3457,"MULT CLASSROOM OFFENSES, PARENT NOTIFIED","November 2008"
"Adrian Lannin",2997,BULLYING,"December 2008"
"Adrian Lannin",2997,"DRESS CODE VIOLATIONS","December 2008"
"Adrian Lannin",2997,"MULT CLASSROOM OFFENSES, PARENT NOTIFIED","December 2008"
"Adrian Lannin",2997,"DRESS CODE VIOLATIONS","February 2009"
"Adrian Lannin",2997,"MULT CLASSROOM OFFENSES, PARENT NOTIFIED","February 2009"
"Adrian Lannin",2997,"AGGRAVATED BATTERY","January 2009"
"Adrian Lannin",2997,"AGGRESSIVE BEHAVIOR","January 2009"
"Adrian Lannin",2997,"ARMED ROBBERY","January 2009"
"Adrian Lannin",2997,BULLYING,"January 2009"
"Adriana Giorgi",351,"AGGRAVATED BATTERY","December 2009"
"Adriana Giorgi",351,"AGGRESSIVE BEHAVIOR","December 2009"
"Adriana Giorgi",351,"ARMED ROBBERY","January 2010"
"Ahmad Abu-Dayah",1204,"DRESS CODE VIOLATIONS","February 2009"
"Ahmad Abu-Dayah",1204,"MULT CLASSROOM OFFENSES, PARENT NOTIFIED","February 2009"
"Ahmad Abu-Dayah",1204,"AGGRESSIVE BEHAVIOR","January 2009"
"Ahmad Abu-Dayah",1204,"ARMED ROBBERY","January 2009"
"Ahmad Abu-Dayah",1204,BULLYING,"January 2009"
"Ajay Manchepalli",3067,"AGGRAVATED BATTERY","September 2008"
"Alan Steiner",3397,"DRESS CODE VIOLATIONS","December 2009"
"Alan Steiner",3397,"AGGRAVATED BATTERY","January 2010"
"Alan Steiner",3397,"MULT CLASSROOM OFFENSES, PARENT NOTIFIED","January 2010"
"Aldis Vilums",2284,"AGGRESSIVE BEHAVIOR","October 2008"
"Aldis Vilums",2284,"ARMED ROBBERY","October 2008"
"Aldis Vilums",2284,BULLYING,"October 2008"
"Aldis Vilums",2284,"DRESS CODE VIOLATIONS","October 2008"
"Aldis Vilums",2284,"MULT CLASSROOM OFFENSES, PARENT NOTIFIED","October 2008"
"Aldis Vilums",2284,"AGGRAVATED BATTERY","September 2008"
"Aldis Vilums",2284,BULLYING,"September 2008"
"Aldis Vilums",2284,"DRESS CODE VIOLATIONS","September 2008"
"Aldis Vilums",2284,"MULT CLASSROOM OFFENSES, PARENT NOTIFIED","September 2008"
"Ales Ruzicka",3287,"AGGRAVATED BATTERY","February 2010"
"Ales Ruzicka",3287,"AGGRESSIVE BEHAVIOR","February 2010"
"Ales Ruzicka",3287,"ARMED ROBBERY","February 2010"
"Ales Ruzicka",3287,BULLYING,"February 2010"
"Ales Ruzicka",3287,"ARMED ROBBERY","January 2010"
"Ales Ruzicka",3287,BULLYING,"January 2010"
"Ales Ruzicka",3287,"DRESS CODE VIOLATIONS","January 2010"
"Ales Ruzicka",3287,"MULT CLASSROOM OFFENSES, PARENT NOTIFIED","January 2010"
"Ales Ruzicka",3287,"DRESS CODE VIOLATIONS","March 2010"
"Ales Ruzicka",3287,"MULT CLASSROOM OFFENSES, PARENT NOTIFIED","March 2010"
"Alex Darrow",1434,"AGGRAVATED BATTERY","December 2008"
"Alex Darrow",1434,"AGGRESSIVE BEHAVIOR","December 2008"
"Alex Darrow",1434,"ARMED ROBBERY","December 2008"
"Alex Darrow",1434,BULLYING,"December 2008"
"Alex Darrow",1434,"DRESS CODE VIOLATIONS","December 2008"
"Alex Darrow",1434,"AGGRAVATED BATTERY","January 2009"
"Alex Darrow",1434,"AGGRESSIVE BEHAVIOR","January 2009"
"Alex Darrow",1434,"MULT CLASSROOM OFFENSES, PARENT NOTIFIED","January 2009"
"Alex Darrow",1434,"MULT CLASSROOM OFFENSES, PARENT NOTIFIED","November 2008"
"Alexander Eggerer",281,"AGGRAVATED BATTERY","December 2008"
"Alexander Eggerer",281,"MULT CLASSROOM OFFENSES, PARENT NOTIFIED","December 2008"
"Alexander Eggerer",281,"MULT CLASSROOM OFFENSES, PARENT NOTIFIED","February 2009"
"Alexander Eggerer",281,"AGGRESSIVE BEHAVIOR","January 2009"
"Alexander Eggerer",281,"ARMED ROBBERY","January 2009"
"Alexander Eggerer",281,BULLYING,"January 2009"
"Alexander Eggerer",281,"DRESS CODE VIOLATIONS","January 2009"
"Alice Ciccu",1404,"DRESS CODE VIOLATIONS","November 2009"
"Alistair Speirs",2184,"ARMED ROBBERY","November 2008"
"Alistair Speirs",2184,BULLYING,"November 2008"
"Alistair Speirs",2184,"DRESS CODE VIOLATIONS","November 2008"
"Alistair Speirs",2184,"AGGRAVATED BATTERY","October 2008"
"Alistair Speirs",2184,"AGGRESSIVE BEHAVIOR","October 2008"
"Alistair Speirs",2184,"MULT CLASSROOM OFFENSES, PARENT NOTIFIED","October 2008"
"Alois Balicek",2467,"AGGRAVATED BATTERY","October 2008"
"Alois Balicek",2467,"AGGRESSIVE BEHAVIOR","October 2008"
"Alois Balicek",2467,"ARMED ROBBERY","October 2008"
"Alois Balicek",2467,BULLYING,"October 2008"
"Alois Balicek",2467,"DRESS CODE VIOLATIONS","October 2008"
"Amr Zaki",3557,"AGGRAVATED BATTERY","April 2010"
"Amr Zaki",3557,BULLYING,"April 2010"
"Amr Zaki",3557,"DRESS CODE VIOLATIONS","April 2010"
"Amr Zaki",3557,"MULT CLASSROOM OFFENSES, PARENT NOTIFIED","April 2010"
"Amr Zaki",3557,"AGGRESSIVE BEHAVIOR","March 2010"
"Amr Zaki",3557,"ARMED ROBBERY","March 2010"
"Amr Zaki",3557,"AGGRESSIVE BEHAVIOR","May 2010"
"Amr Zaki",3557,"ARMED ROBBERY","May 2010"
"Ananth Sundararaj",2214,"AGGRAVATED BATTERY","April 2009"
"Ananth Sundararaj",2214,"MULT CLASSROOM OFFENSES, PARENT NOTIFIED","April 2009"
"Ananth Sundararaj",2214,"DRESS CODE VIOLATIONS","March 2009"
"Anat Kerry",521,"DRESS CODE VIOLATIONS","December 2008"
"Anat Kerry",521,"MULT CLASSROOM OFFENSES, PARENT NOTIFIED","December 2008"
"Anat Kerry",521,"AGGRAVATED BATTERY","November 2008"
"Anat Kerry",521,"AGGRESSIVE BEHAVIOR","November 2008"
"Anat Kerry",521,"ARMED ROBBERY","November 2008"
"Anat Kerry",521,BULLYING,"November 2008"
"Anders Riis",861,"MULT CLASSROOM OFFENSES, PARENT NOTIFIED","December 2009"
"Andrea Dunker",271,"ARMED ROBBERY","December 2008"
"Andrea Dunker",271,BULLYING,"December 2008"
"Andrea Dunker",271,"DRESS CODE VIOLATIONS","December 2008"
"Andrea Dunker",271,"AGGRAVATED BATTERY","November 2008"
"Andrea Dunker",271,"AGGRESSIVE BEHAVIOR","November 2008"
"Andreas Schou",2124,"AGGRESSIVE BEHAVIOR","January 2010"
"Andreas Schou",2124,"ARMED ROBBERY","January 2010"
"Andreas Schou",2124,BULLYING,"January 2010"
"Andrew Davis",2637,"ARMED ROBBERY","September 2009"
"Andrew Ma",1844,"AGGRAVATED BATTERY","April 2009"
"Andrew Ma",1844,"AGGRESSIVE BEHAVIOR","April 2009"
"Andrew Ma",1844,BULLYING,"April 2009"
"Andrew Ma",1844,"DRESS CODE VIOLATIONS","April 2009"
"Andrew Ma",1844,"MULT CLASSROOM OFFENSES, PARENT NOTIFIED","April 2009"
"Andrew Ma",1844,"ARMED ROBBERY","May 2009"
"Andrew Sinclair",2154,"AGGRESSIVE BEHAVIOR","April 2010"
"Andrew Sinclair",2154,"ARMED ROBBERY","April 2010"
"Andrew Sinclair",2154,BULLYING,"April 2010"
"Andrew Sinclair",2154,"DRESS CODE VIOLATIONS","April 2010"
"Andrew Sinclair",2154,"AGGRAVATED BATTERY","March 2010"
"Andrew Sinclair",2154,"DRESS CODE VIOLATIONS","March 2010"
"Andrew Sinclair",2154,"MULT CLASSROOM OFFENSES, PARENT NOTIFIED","March 2010"
"Andrew Solovay",3377,BULLYING,"August 2009"
"Andrew Solovay",3377,"DRESS CODE VIOLATIONS","August 2009"
"Andrew Solovay",3377,"MULT CLASSROOM OFFENSES, PARENT NOTIFIED","August 2009"
"Andrew Solovay",3377,"AGGRAVATED BATTERY","October 2009"
"Andrew Solovay",3377,"AGGRESSIVE BEHAVIOR","October 2009"
"Andrew Solovay",3377,"DRESS CODE VIOLATIONS","October 2009"
"Andrew Solovay",3377,"MULT CLASSROOM OFFENSES, PARENT NOTIFIED","October 2009"
"Andrew Solovay",3377,"AGGRAVATED BATTERY","September 2009"
"Andrew Solovay",3377,"AGGRESSIVE BEHAVIOR","September 2009"
"Andrew Solovay",3377,"ARMED ROBBERY","September 2009"
"Andrew Solovay",3377,BULLYING,"September 2009"
"Andrßs T≤th",3447,"AGGRAVATED BATTERY","October 2008"
"Andrßs T≤th",3447,"AGGRESSIVE BEHAVIOR","October 2008"
"Andrßs T≤th",3447,"ARMED ROBBERY","October 2008"
"Andrßs T≤th",3447,BULLYING,"October 2008"
"Andrßs T≤th",3447,"MULT CLASSROOM OFFENSES, PARENT NOTIFIED","October 2008"
"Andrßs T≤th",3447,"AGGRESSIVE BEHAVIOR","September 2008"
"Andrßs T≤th",3447,"ARMED ROBBERY","September 2008"
"Andrßs T≤th",3447,BULLYING,"September 2008"
"Andrßs T≤th",3447,"DRESS CODE VIOLATIONS","September 2008"
"Ankur Kothari",1764,BULLYING,"November 2009"
"Anna Bedecs",1284,"DRESS CODE VIOLATIONS","September 2008"
"Anna Misiec",711,"AGGRAVATED BATTERY","April 2009"
"Anna Misiec",711,"AGGRESSIVE BEHAVIOR","May 2009"
"Anna Misiec",711,"ARMED ROBBERY","May 2009"
"Anna Misiec",711,BULLYING,"May 2009"
"Anna Misiec",711,"DRESS CODE VIOLATIONS","May 2009"
"Anthony Cappiello-Guy",1364,BULLYING,"May 2009"
"Anthony Cappiello-Guy",1364,"DRESS CODE VIOLATIONS","May 2009"
"Antonio Alwan",31,"AGGRAVATED BATTERY","December 2008"
"Antonio Alwan",31,"AGGRESSIVE BEHAVIOR","December 2008"
"Antonio Alwan",31,"ARMED ROBBERY","December 2008"
"Antonio Alwan",31,BULLYING,"December 2008"
"Antonio Alwan",31,"DRESS CODE VIOLATIONS","December 2008"
"Antonio Alwan",31,"MULT CLASSROOM OFFENSES, PARENT NOTIFIED","January 2009"
"Ari Bixhorn",1304,"ARMED ROBBERY","October 2008"
"Ari Bixhorn",1304,BULLYING,"October 2008"
"Ari Bixhorn",1304,"DRESS CODE VIOLATIONS","October 2008"
"Ari Bixhorn",1304,"AGGRAVATED BATTERY","September 2008"
"Ari Bixhorn",1304,"AGGRESSIVE BEHAVIOR","September 2008"
"Ari Suominen",3417,"AGGRAVATED BATTERY","April 2010"
"Ari Suominen",3417,"AGGRESSIVE BEHAVIOR","April 2010"
"Ari Suominen",3417,"ARMED ROBBERY","April 2010"
"Ari Suominen",3417,BULLYING,"April 2010"
"Ari Suominen",3417,"ARMED ROBBERY","March 2010"
"Ari Suominen",3417,BULLYING,"March 2010"
"Ari Suominen",3417,"DRESS CODE VIOLATIONS","March 2010"
"Ari Suominen",3417,"MULT CLASSROOM OFFENSES, PARENT NOTIFIED","March 2010"
"Ari Suominen",3417,"DRESS CODE VIOLATIONS","May 2010"
"Arlene Huff",2847,BULLYING,"December 2008"
"Arlene Huff",2847,"ARMED ROBBERY","February 2009"
"Arlene Huff",2847,BULLYING,"February 2009"
"Arlene Huff",2847,"DRESS CODE VIOLATIONS","February 2009"
"Arlene Huff",2847,"MULT CLASSROOM OFFENSES, PARENT NOTIFIED","February 2009"
"Arlene Huff",2847,"AGGRAVATED BATTERY","January 2009"
"Arlene Huff",2847,"AGGRESSIVE BEHAVIOR","January 2009"
"Arlene Huff",2847,"DRESS CODE VIOLATIONS","January 2009"
"Arlene Huff",2847,"MULT CLASSROOM OFFENSES, PARENT NOTIFIED","January 2009"
"Arlene Huff",2847,"AGGRAVATED BATTERY","March 2009"
"Arnie Mondloch",721,"AGGRAVATED BATTERY","August 2009"
"Arnie Mondloch",721,"AGGRESSIVE BEHAVIOR","August 2009"
"Arnie Mondloch",721,"ARMED ROBBERY","August 2009"
"Arnie Mondloch",721,BULLYING,"August 2009"
"Arnie Mondloch",721,"MULT CLASSROOM OFFENSES, PARENT NOTIFIED","August 2009"
"Arnie Mondloch",721,"DRESS CODE VIOLATIONS","September 2009"
"Arnie Mondloch",721,"MULT CLASSROOM OFFENSES, PARENT NOTIFIED","September 2009"
"Ashish Kapoor",2897,BULLYING,"November 2009"
"Ashish Kapoor",2897,"DRESS CODE VIOLATIONS","November 2009"
"Axel Delgado",1444,"AGGRAVATED BATTERY","February 2009"
"Axel Delgado",1444,BULLYING,"February 2009"
"Axel Delgado",1444,"DRESS CODE VIOLATIONS","February 2009"
"Axel Delgado",1444,"MULT CLASSROOM OFFENSES, PARENT NOTIFIED","February 2009"
"Axel Delgado",1444,"ARMED ROBBERY","January 2009"
"Axel Delgado",1444,"AGGRESSIVE BEHAVIOR","March 2009"
"Axel Delgado",1444,"ARMED ROBBERY","March 2009"
"Axel Delgado",1444,BULLYING,"March 2009"
"Axel Delgado",1444,"DRESS CODE VIOLATIONS","March 2009"
"Ayla Kol",1754,"ARMED ROBBERY","November 2009"
"Aziz Hassouneh",411,BULLYING,"December 2008"
"Aziz Hassouneh",411,"DRESS CODE VIOLATIONS","December 2008"
"Aziz Hassouneh",411,"AGGRAVATED BATTERY","January 2009"
"Aziz Hassouneh",411,"AGGRESSIVE BEHAVIOR","January 2009"
"Aziz Hassouneh",411,"ARMED ROBBERY","January 2009"
"Aziz Hassouneh",411,"MULT CLASSROOM OFFENSES, PARENT NOTIFIED","January 2009"
"Balßzs Belinszki",2487,"AGGRAVATED BATTERY","December 2008"
"Balßzs Belinszki",2487,"AGGRESSIVE BEHAVIOR","December 2008"
"Balßzs Belinszki",2487,"AGGRAVATED BATTERY","February 2009"
"Balßzs Belinszki",2487,"AGGRESSIVE BEHAVIOR","February 2009"
"Balßzs Belinszki",2487,"ARMED ROBBERY","February 2009"
"Balßzs Belinszki",2487,"ARMED ROBBERY","January 2009"
"Balßzs Belinszki",2487,BULLYING,"January 2009"
"Balßzs Belinszki",2487,"DRESS CODE VIOLATIONS","January 2009"
"Balßzs Belinszki",2487,"MULT CLASSROOM OFFENSES, PARENT NOTIFIED","January 2009"
"Barbara Zighetti",2364,"AGGRAVATED BATTERY","August 2009"
"Barbara Zighetti",2364,"AGGRESSIVE BEHAVIOR","August 2009"
"Barbara Zighetti",2364,"ARMED ROBBERY","August 2009"
"Barbara Zighetti",2364,BULLYING,"August 2009"
"Barbara Zighetti",2364,"DRESS CODE VIOLATIONS","August 2009"
"Barbara Zighetti",2364,"ARMED ROBBERY","May 2009"
"Barbara Zighetti",2364,BULLYING,"May 2009"
"Barbara Zighetti",2364,"DRESS CODE VIOLATIONS","May 2009"
"Barbara Zighetti",2364,"MULT CLASSROOM OFFENSES, PARENT NOTIFIED","May 2009"
"Ben Andrews",41,"AGGRAVATED BATTERY","February 2009"
"Ben Andrews",41,BULLYING,"February 2009"
"Ben Andrews",41,"DRESS CODE VIOLATIONS","February 2009"
"Ben Andrews",41,"MULT CLASSROOM OFFENSES, PARENT NOTIFIED","February 2009"
"Ben Andrews",41,"AGGRAVATED BATTERY","January 2009"
"Ben Andrews",41,"AGGRESSIVE BEHAVIOR","January 2009"
"Ben Andrews",41,"ARMED ROBBERY","January 2009"
"Ben Andrews",41,"AGGRESSIVE BEHAVIOR","March 2009"
"Benno Kurmann",1784,BULLYING,"September 2008"
"Benno Kurmann",1784,"DRESS CODE VIOLATIONS","September 2008"
"Benno Kurmann",1784,"MULT CLASSROOM OFFENSES, PARENT NOTIFIED","September 2008"
"Bernard Duerr",2667,"AGGRESSIVE BEHAVIOR","December 2009"
"Bernard Duerr",2667,"ARMED ROBBERY","December 2009"
"Bernard Duerr",2667,BULLYING,"December 2009"
"Bernard Duerr",2667,"DRESS CODE VIOLATIONS","December 2009"
"Bernard Duerr",2667,BULLYING,"February 2010"
"Bernard Duerr",2667,"AGGRAVATED BATTERY","January 2010"
"Bernard Duerr",2667,"AGGRESSIVE BEHAVIOR","January 2010"
"Bernard Duerr",2667,"ARMED ROBBERY","January 2010"
"Bernard Duerr",2667,"MULT CLASSROOM OFFENSES, PARENT NOTIFIED","January 2010"
"Bernard Duerr",2667,"AGGRAVATED BATTERY","November 2009"
"Bernard Duerr",2667,"MULT CLASSROOM OFFENSES, PARENT NOTIFIED","November 2009"
"Billie  Murray",1934,"MULT CLASSROOM OFFENSES, PARENT NOTIFIED","December 2008"
"Billie  Murray",1934,"AGGRAVATED BATTERY","February 2009"
"Billie  Murray",1934,"DRESS CODE VIOLATIONS","February 2009"
"Billie  Murray",1934,"MULT CLASSROOM OFFENSES, PARENT NOTIFIED","February 2009"
"Billie  Murray",1934,"AGGRAVATED BATTERY","January 2009"
"Billie  Murray",1934,"AGGRESSIVE BEHAVIOR","January 2009"
"Billie  Murray",1934,"ARMED ROBBERY","January 2009"
"Billie  Murray",1934,BULLYING,"January 2009"
"Bishara Kharoufeh",1724,"AGGRAVATED BATTERY","April 2009"
"Bishara Kharoufeh",1724,"AGGRESSIVE BEHAVIOR","April 2009"
"Bishara Kharoufeh",1724,"ARMED ROBBERY","April 2009"
"Bishara Kharoufeh",1724,"AGGRESSIVE BEHAVIOR","August 2009"
"Bishara Kharoufeh",1724,"ARMED ROBBERY","August 2009"
"Bishara Kharoufeh",1724,"AGGRAVATED BATTERY","May 2009"
"Bishara Kharoufeh",1724,BULLYING,"May 2009"
"Bishara Kharoufeh",1724,"DRESS CODE VIOLATIONS","May 2009"
"Bishara Kharoufeh",1724,"MULT CLASSROOM OFFENSES, PARENT NOTIFIED","May 2009"
"Bob Kelly",511,"DRESS CODE VIOLATIONS","October 2008"
"Bob Kelly",511,"MULT CLASSROOM OFFENSES, PARENT NOTIFIED","October 2008"
"Boris Scholl",921,"AGGRAVATED BATTERY","December 2008"
"Boris Scholl",921,"AGGRESSIVE BEHAVIOR","January 2009"
"Boris Scholl",921,"ARMED ROBBERY","January 2009"
"Boris Scholl",921,BULLYING,"January 2009"
"Boris Scholl",921,"DRESS CODE VIOLATIONS","January 2009"
"Brett Shirley",941,"AGGRESSIVE BEHAVIOR","April 2009"
"Brett Shirley",941,"ARMED ROBBERY","April 2009"
"Brett Shirley",941,BULLYING,"April 2009"
"Brett Shirley",941,"DRESS CODE VIOLATIONS","April 2009"
"Brett Shirley",941,"MULT CLASSROOM OFFENSES, PARENT NOTIFIED","April 2009"
"Brett Shirley",941,"AGGRAVATED BATTERY","March 2009"
"Brett Shirley",941,"AGGRAVATED BATTERY","May 2009"
"Brett Shirley",941,"AGGRESSIVE BEHAVIOR","May 2009"
"Brett Shirley",941,"ARMED ROBBERY","May 2009"
"Brian Smith",2164,"AGGRAVATED BATTERY","September 2008"
"Brian Smith",2164,"MULT CLASSROOM OFFENSES, PARENT NOTIFIED","September 2008"
"Brian Welcker",1111,"AGGRAVATED BATTERY","April 2010"
"Brian Welcker",1111,"AGGRESSIVE BEHAVIOR","April 2010"
"Brian Welcker",1111,"ARMED ROBBERY","April 2010"
"Brian Welcker",1111,"MULT CLASSROOM OFFENSES, PARENT NOTIFIED","April 2010"
"Brian Welcker",1111,BULLYING,"March 2010"
"Brian Welcker",1111,"DRESS CODE VIOLATIONS","March 2010"
"Brian Welcker",1111,BULLYING,"May 2010"
"Britta Simon",951,"AGGRAVATED BATTERY","August 2009"
"Britta Simon",951,"AGGRESSIVE BEHAVIOR","August 2009"
"Britta Simon",951,"ARMED ROBBERY","August 2009"
"Britta Simon",951,"DRESS CODE VIOLATIONS","August 2009"
"Britta Simon",951,"MULT CLASSROOM OFFENSES, PARENT NOTIFIED","August 2009"
"Britta Simon",951,BULLYING,"May 2009"
"Britta Simon",951,BULLYING,"September 2009"
"Britta Simon",951,"DRESS CODE VIOLATIONS","September 2009"
"Bryan Bredehoeft",2527,"AGGRAVATED BATTERY","November 2009"
"Bryan Bredehoeft",2527,"ARMED ROBBERY","October 2009"
"Bryan Bredehoeft",2527,BULLYING,"October 2009"
"Bryan Bredehoeft",2527,"DRESS CODE VIOLATIONS","October 2009"
"Bryan Bredehoeft",2527,"MULT CLASSROOM OFFENSES, PARENT NOTIFIED","October 2009"
"Bryan Bredehoeft",2527,"AGGRAVATED BATTERY","September 2009"
"Bryan Bredehoeft",2527,"AGGRESSIVE BEHAVIOR","September 2009"
"Bryan Bredehoeft",2527,"MULT CLASSROOM OFFENSES, PARENT NOTIFIED","September 2009"
"Carlos Grilo",1574,"AGGRAVATED BATTERY","April 2009"
"Carlos Grilo",1574,"AGGRESSIVE BEHAVIOR","April 2009"
"Carlos Grilo",1574,"MULT CLASSROOM OFFENSES, PARENT NOTIFIED","March 2009"
"Carole Poland",3217,"AGGRAVATED BATTERY","February 2009"
"Carole Poland",3217,"MULT CLASSROOM OFFENSES, PARENT NOTIFIED","February 2009"
"Carole Poland",3217,BULLYING,"January 2009"
"Carole Poland",3217,"DRESS CODE VIOLATIONS","January 2009"
"Charlie Herb",1624,"AGGRAVATED BATTERY","February 2010"
"Charlie Herb",1624,"AGGRESSIVE BEHAVIOR","February 2010"
"Charlie Herb",1624,"ARMED ROBBERY","February 2010"
"Charlie Herb",1624,"MULT CLASSROOM OFFENSES, PARENT NOTIFIED","February 2010"
"Charlie Herb",1624,"AGGRESSIVE BEHAVIOR","January 2010"
"Charlie Herb",1624,"ARMED ROBBERY","January 2010"
"Charlie Herb",1624,BULLYING,"January 2010"
"Charlie Herb",1624,"DRESS CODE VIOLATIONS","January 2010"
"Charlie Herb",1624,BULLYING,"March 2010"
"Charlie Keen",2907,"AGGRESSIVE BEHAVIOR","December 2009"
"Charlie Keen",2907,"ARMED ROBBERY","December 2009"
"Charlie Keen",2907,BULLYING,"December 2009"
"Charlie Keen",2907,"DRESS CODE VIOLATIONS","December 2009"
"Charlie Keen",2907,BULLYING,"February 2010"
"Charlie Keen",2907,"AGGRAVATED BATTERY","January 2010"
"Charlie Keen",2907,"AGGRESSIVE BEHAVIOR","January 2010"
"Charlie Keen",2907,"ARMED ROBBERY","January 2010"
"Charlie Keen",2907,"MULT CLASSROOM OFFENSES, PARENT NOTIFIED","January 2010"
"Charlie Keen",2907,"AGGRAVATED BATTERY","November 2009"
"Charlie Keen",2907,"MULT CLASSROOM OFFENSES, PARENT NOTIFIED","November 2009"
"Chris Barry",2477,BULLYING,"December 2008"
"Chris Barry",2477,"DRESS CODE VIOLATIONS","December 2008"
"Chris Barry",2477,"MULT CLASSROOM OFFENSES, PARENT NOTIFIED","December 2008"
"Chris Barry",2477,"AGGRAVATED BATTERY","November 2008"
"Chris Barry",2477,"AGGRESSIVE BEHAVIOR","November 2008"
"Chris Barry",2477,"ARMED ROBBERY","November 2008"
"Chris Barry",2477,"MULT CLASSROOM OFFENSES, PARENT NOTIFIED","November 2008"
"Chris Meyer",3097,"AGGRESSIVE BEHAVIOR","December 2008"
"Chris Meyer",3097,"AGGRAVATED BATTERY","November 2008"
"Chris Meyer",3097,BULLYING,"November 2008"
"Chris Meyer",3097,"DRESS CODE VIOLATIONS","November 2008"
"Chris Meyer",3097,"MULT CLASSROOM OFFENSES, PARENT NOTIFIED","November 2008"
"Chris Meyer",3097,"AGGRESSIVE BEHAVIOR","October 2008"
"Chris Meyer",3097,"ARMED ROBBERY","October 2008"
"Chris Norred",1954,"DRESS CODE VIOLATIONS","March 2009"
"Christen Anderson",2437,"ARMED ROBBERY","February 2010"
"Christen Anderson",2437,BULLYING,"February 2010"
"Christen Anderson",2437,"DRESS CODE VIOLATIONS","February 2010"
"Christen Anderson",2437,"MULT CLASSROOM OFFENSES, PARENT NOTIFIED","February 2010"
"Christen Anderson",2437,"AGGRAVATED BATTERY","March 2010"
"Christen Anderson",2437,"AGGRESSIVE BEHAVIOR","March 2010"
"Christian Kleinerman",541,"ARMED ROBBERY","February 2009"
"Christian Kleinerman",541,BULLYING,"February 2009"
"Christof Sprenger",3387,"AGGRESSIVE BEHAVIOR","December 2009"
"Christof Sprenger",3387,"ARMED ROBBERY","December 2009"
"Christof Sprenger",3387,BULLYING,"December 2009"
"Christof Sprenger",3387,"AGGRAVATED BATTERY","November 2009"
"Christof Sprenger",3387,"ARMED ROBBERY","November 2009"
"Christof Sprenger",3387,BULLYING,"November 2009"
"Christof Sprenger",3387,"DRESS CODE VIOLATIONS","November 2009"
"Christof Sprenger",3387,"MULT CLASSROOM OFFENSES, PARENT NOTIFIED","November 2009"
"Christopher  Hill",2837,"AGGRAVATED BATTERY","December 2008"
"Christopher  Hill",2837,"AGGRESSIVE BEHAVIOR","December 2008"
"Christopher  Hill",2837,"ARMED ROBBERY","December 2008"
"Christopher  Hill",2837,"MULT CLASSROOM OFFENSES, PARENT NOTIFIED","December 2008"
"Christopher  Hill",2837,"AGGRESSIVE BEHAVIOR","November 2008"
"Christopher  Hill",2837,"ARMED ROBBERY","November 2008"
"Christopher  Hill",2837,BULLYING,"November 2008"
"Christopher  Hill",2837,"DRESS CODE VIOLATIONS","November 2008"
"Christopher  Hill",2837,"AGGRAVATED BATTERY","October 2008"
"Christopher  Hill",2837,"DRESS CODE VIOLATIONS","October 2008"
"Christopher  Hill",2837,"MULT CLASSROOM OFFENSES, PARENT NOTIFIED","October 2008"
"Cindy White",3517,"ARMED ROBBERY","August 2009"
"Cindy White",3517,"AGGRAVATED BATTERY","November 2009"
"Cindy White",3517,"MULT CLASSROOM OFFENSES, PARENT NOTIFIED","November 2009"
"Cindy White",3517,"AGGRESSIVE BEHAVIOR","October 2009"
"Cindy White",3517,"ARMED ROBBERY","October 2009"
"Cindy White",3517,BULLYING,"October 2009"
"Cindy White",3517,"DRESS CODE VIOLATIONS","October 2009"
"Cindy White",3517,"AGGRAVATED BATTERY","September 2009"
"Cindy White",3517,BULLYING,"September 2009"
"Cindy White",3517,"DRESS CODE VIOLATIONS","September 2009"
"Cindy White",3517,"MULT CLASSROOM OFFENSES, PARENT NOTIFIED","September 2009"
"Claus Juhl",1684,"AGGRAVATED BATTERY","October 2008"
"Claus Juhl",1684,"DRESS CODE VIOLATIONS","October 2008"
"Claus Juhl",1684,"MULT CLASSROOM OFFENSES, PARENT NOTIFIED","October 2008"
"Cliff Didcock",2657,"ARMED ROBBERY","November 2009"
"Cliff Didcock",2657,BULLYING,"November 2009"
"Cliff Didcock",2657,"DRESS CODE VIOLATIONS","November 2009"
"Craig Dewar",1454,"AGGRAVATED BATTERY","April 2009"
"Craig Dewar",1454,"AGGRESSIVE BEHAVIOR","April 2009"
"Craig Dewar",1454,"ARMED ROBBERY","April 2009"
"Craig Dewar",1454,BULLYING,"April 2009"
"Craig Dewar",1454,"MULT CLASSROOM OFFENSES, PARENT NOTIFIED","April 2009"
"Craig Dewar",1454,"AGGRAVATED BATTERY","May 2009"
"Craig Dewar",1454,"AGGRESSIVE BEHAVIOR","May 2009"
"Craig Dewar",1454,"DRESS CODE VIOLATIONS","May 2009"
"Craig Dewar",1454,"MULT CLASSROOM OFFENSES, PARENT NOTIFIED","May 2009"
"Dag  Rovik",3277,"AGGRAVATED BATTERY","December 2009"
"Dag  Rovik",3277,"AGGRESSIVE BEHAVIOR","December 2009"
"Dag  Rovik",3277,"DRESS CODE VIOLATIONS","December 2009"
"Dag  Rovik",3277,"MULT CLASSROOM OFFENSES, PARENT NOTIFIED","December 2009"
"Dag  Rovik",3277,"AGGRAVATED BATTERY","November 2009"
"Dag  Rovik",3277,"AGGRESSIVE BEHAVIOR","November 2009"
"Dag  Rovik",3277,"ARMED ROBBERY","November 2009"
"Dag  Rovik",3277,BULLYING,"November 2009"
"Dag  Rovik",3277,"MULT CLASSROOM OFFENSES, PARENT NOTIFIED","November 2009"
"Dag  Rovik",3277,BULLYING,"October 2009"
"Dag  Rovik",3277,"DRESS CODE VIOLATIONS","October 2009"
"Dan Wilson",1121,"DRESS CODE VIOLATIONS","May 2010"
"Dan Wilson",1121,"MULT CLASSROOM OFFENSES, PARENT NOTIFIED","May 2010"
"Dana Birkby",101,"AGGRAVATED BATTERY","October 2009"
"Dana Birkby",101,"AGGRESSIVE BEHAVIOR","October 2009"
"Dana Birkby",101,"MULT CLASSROOM OFFENSES, PARENT NOTIFIED","October 2009"
"Dana Birkby",101,"ARMED ROBBERY","September 2009"
"Dana Birkby",101,BULLYING,"September 2009"
"Dana Birkby",101,"DRESS CODE VIOLATIONS","September 2009"
"Danielle Tiedt",1041,"AGGRAVATED BATTERY","August 2009"
"Danielle Tiedt",1041,"AGGRESSIVE BEHAVIOR","August 2009"
"Danielle Tiedt",1041,"ARMED ROBBERY","August 2009"
"Danielle Tiedt",1041,BULLYING,"August 2009"
"Danielle Tiedt",1041,"ARMED ROBBERY","May 2009"
"Danielle Tiedt",1041,BULLYING,"May 2009"
"Danielle Tiedt",1041,"DRESS CODE VIOLATIONS","May 2009"
"Danielle Tiedt",1041,"MULT CLASSROOM OFFENSES, PARENT NOTIFIED","May 2009"
"Darren Gehring",341,"DRESS CODE VIOLATIONS","December 2009"
"Darren Gehring",341,"MULT CLASSROOM OFFENSES, PARENT NOTIFIED","December 2009"
"Darren Gehring",341,"AGGRAVATED BATTERY","November 2009"
"Darren Gehring",341,"AGGRESSIVE BEHAVIOR","November 2009"
"Darren Gehring",341,"ARMED ROBBERY","November 2009"
"Darren Gehring",341,BULLYING,"November 2009"
"Darren Gehring",341,"MULT CLASSROOM OFFENSES, PARENT NOTIFIED","November 2009"
"Darren Gehring",341,"DRESS CODE VIOLATIONS","October 2009"
"Darren Parker",781,BULLYING,"December 2008"
"Darren Parker",781,"DRESS CODE VIOLATIONS","December 2008"
"Darren Parker",781,"MULT CLASSROOM OFFENSES, PARENT NOTIFIED","December 2008"
"Darren Parker",781,"ARMED ROBBERY","November 2008"
"Dave Barnett",1274,"AGGRESSIVE BEHAVIOR","February 2010"
"Dave Barnett",1274,"ARMED ROBBERY","February 2010"
"Dave Barnett",1274,BULLYING,"March 2010"
"Dave Ludwig",3037,"AGGRESSIVE BEHAVIOR","August 2009"
"Dave Ludwig",3037,"AGGRAVATED BATTERY","October 2009"
"Dave Ludwig",3037,"AGGRESSIVE BEHAVIOR","October 2009"
"Dave Ludwig",3037,"ARMED ROBBERY","September 2009"
"Dave Ludwig",3037,BULLYING,"September 2009"
"Dave Ludwig",3037,"DRESS CODE VIOLATIONS","September 2009"
"Dave Ludwig",3037,"MULT CLASSROOM OFFENSES, PARENT NOTIFIED","September 2009"
"David  Bradley",1324,"AGGRAVATED BATTERY","December 2008"
"David  Bradley",1324,"AGGRESSIVE BEHAVIOR","December 2008"
"David  Bradley",1324,"ARMED ROBBERY","December 2008"
"David  Bradley",1324,BULLYING,"December 2008"
"David  Bradley",1324,"MULT CLASSROOM OFFENSES, PARENT NOTIFIED","December 2008"
"David  Bradley",1324,"AGGRAVATED BATTERY","January 2009"
"David  Bradley",1324,"DRESS CODE VIOLATIONS","January 2009"
"David  Bradley",1324,"MULT CLASSROOM OFFENSES, PARENT NOTIFIED","January 2009"
"David  Bradley",1324,"ARMED ROBBERY","November 2008"
"David  Bradley",1324,BULLYING,"November 2008"
"David  Bradley",1324,"DRESS CODE VIOLATIONS","November 2008"
"David  Lawrence",601,BULLYING,"October 2009"
"David  Lawrence",601,"AGGRAVATED BATTERY","September 2009"
"David  Lawrence",601,"AGGRESSIVE BEHAVIOR","September 2009"
"David  Lawrence",601,"ARMED ROBBERY","September 2009"
"David  Lawrence",601,"MULT CLASSROOM OFFENSES, PARENT NOTIFIED","September 2009"
"David Alexander",21,"DRESS CODE VIOLATIONS","November 2008"
"David Alexander",21,"MULT CLASSROOM OFFENSES, PARENT NOTIFIED","November 2008"
"David Hamilton",1594,"AGGRAVATED BATTERY","August 2009"
"David Hamilton",1594,"AGGRESSIVE BEHAVIOR","August 2009"
"David Hamilton",1594,BULLYING,"August 2009"
"David Hamilton",1594,"DRESS CODE VIOLATIONS","August 2009"
"David Hamilton",1594,"MULT CLASSROOM OFFENSES, PARENT NOTIFIED","August 2009"
"David Hamilton",1594,"AGGRESSIVE BEHAVIOR","May 2009"
"David Hamilton",1594,"ARMED ROBBERY","May 2009"
"David Johnson",481,BULLYING,"November 2009"
"David So",2174,BULLYING,"October 2008"
"David So",2174,"DRESS CODE VIOLATIONS","October 2008"
"David So",2174,"AGGRESSIVE BEHAVIOR","September 2008"
"David So",2174,"ARMED ROBBERY","September 2008"
"David Strome",3407,"AGGRAVATED BATTERY","February 2010"
"David Strome",3407,BULLYING,"February 2010"
"David Strome",3407,"DRESS CODE VIOLATIONS","February 2010"
"David Strome",3407,"MULT CLASSROOM OFFENSES, PARENT NOTIFIED","February 2010"
"David Strome",3407,"AGGRESSIVE BEHAVIOR","January 2010"
"David Strome",3407,"ARMED ROBBERY","January 2010"
"David Strome",3407,"AGGRESSIVE BEHAVIOR","March 2010"
"Debra Garcia",1534,"AGGRAVATED BATTERY","October 2008"
"Debra Garcia",1534,"AGGRESSIVE BEHAVIOR","October 2008"
"Debra Garcia",1534,"DRESS CODE VIOLATIONS","October 2008"
"Debra Garcia",1534,"MULT CLASSROOM OFFENSES, PARENT NOTIFIED","October 2008"
"Debra Garcia",1534,"AGGRAVATED BATTERY","September 2008"
"Debra Garcia",1534,"AGGRESSIVE BEHAVIOR","September 2008"
"Debra Garcia",1534,"ARMED ROBBERY","September 2008"
"Debra Garcia",1534,BULLYING,"September 2008"
"Denis Dehenne",241,"AGGRAVATED BATTERY","December 2009"
"Denis Dehenne",241,"DRESS CODE VIOLATIONS","December 2009"
"Denis Dehenne",241,"MULT CLASSROOM OFFENSES, PARENT NOTIFIED","December 2009"
"Denis Dehenne",241,"AGGRESSIVE BEHAVIOR","November 2009"
"Denis Dehenne",241,"ARMED ROBBERY","November 2009"
"Denis Dehenne",241,BULLYING,"November 2009"
"Derek Brown",1334,"ARMED ROBBERY","February 2009"
"Derek Brown",1334,BULLYING,"February 2009"
"Derek Brown",1334,"DRESS CODE VIOLATIONS","February 2009"
"Derek Brown",1334,"MULT CLASSROOM OFFENSES, PARENT NOTIFIED","February 2009"
"Derek Brown",1334,"AGGRESSIVE BEHAVIOR","January 2009"
"Diane Prescott",3227,"AGGRESSIVE BEHAVIOR","February 2009"
"Diane Prescott",3227,"ARMED ROBBERY","February 2009"
"Diane Prescott",3227,"AGGRAVATED BATTERY","March 2009"
"Diane Prescott",3227,BULLYING,"March 2009"
"Diane Prescott",3227,"DRESS CODE VIOLATIONS","March 2009"
"Diane Prescott",3227,"MULT CLASSROOM OFFENSES, PARENT NOTIFIED","March 2009"
"Dominik Paiha",771,"AGGRAVATED BATTERY","November 2008"
"Dominik Paiha",771,"AGGRESSIVE BEHAVIOR","November 2008"
"Dominik Paiha",771,"MULT CLASSROOM OFFENSES, PARENT NOTIFIED","November 2008"
"Dominik Paiha",771,BULLYING,"October 2008"
"Dominik Paiha",771,"DRESS CODE VIOLATIONS","October 2008"
"Don Richardson",3257,"AGGRAVATED BATTERY","August 2009"
"Don Richardson",3257,"AGGRESSIVE BEHAVIOR","August 2009"
"Don Richardson",3257,"ARMED ROBBERY","August 2009"
"Don Richardson",3257,"AGGRAVATED BATTERY","September 2009"
"Don Richardson",3257,BULLYING,"September 2009"
"Don Richardson",3257,"DRESS CODE VIOLATIONS","September 2009"
"Don Richardson",3257,"MULT CLASSROOM OFFENSES, PARENT NOTIFIED","September 2009"
"Douglas  Hite",441,"ARMED ROBBERY","April 2009"
"Douglas  Hite",441,BULLYING,"April 2009"
"Ed Meadows",3087,"AGGRAVATED BATTERY","October 2008"
"Ed Meadows",3087,"DRESS CODE VIOLATIONS","October 2008"
"Ed Meadows",3087,"MULT CLASSROOM OFFENSES, PARENT NOTIFIED","October 2008"
"Ed Meadows",3087,"ARMED ROBBERY","September 2008"
"Ed Meadows",3087,BULLYING,"September 2008"
"Edmund Silva",3347,"DRESS CODE VIOLATIONS","January 2009"
"Edmund Silva",3347,"MULT CLASSROOM OFFENSES, PARENT NOTIFIED","January 2009"
"Eduardo Melo",691,"AGGRESSIVE BEHAVIOR","February 2009"
"Egil  Skjold",961,"AGGRESSIVE BEHAVIOR","October 2009"
"Egil  Skjold",961,"AGGRAVATED BATTERY","September 2009"
"Egil  Skjold",961,"MULT CLASSROOM OFFENSES, PARENT NOTIFIED","September 2009"
"Eiji Yasuda",2344,"ARMED ROBBERY","February 2009"
"Eiji Yasuda",2344,BULLYING,"February 2009"
"Eiji Yasuda",2344,"DRESS CODE VIOLATIONS","February 2009"
"Eiji Yasuda",2344,"AGGRAVATED BATTERY","March 2009"
"Eiji Yasuda",2344,"MULT CLASSROOM OFFENSES, PARENT NOTIFIED","March 2009"
"Ekaterina Podkolzina",2014,"AGGRAVATED BATTERY","November 2009"
"Ekaterina Podkolzina",2014,"AGGRESSIVE BEHAVIOR","November 2009"
"Ekaterina Podkolzina",2014,"ARMED ROBBERY","November 2009"
"Ekaterina Podkolzina",2014,"DRESS CODE VIOLATIONS","November 2009"
"Ekaterina Podkolzina",2014,"MULT CLASSROOM OFFENSES, PARENT NOTIFIED","November 2009"
"Ekaterina Podkolzina",2014,"AGGRAVATED BATTERY","October 2009"
"Ekaterina Podkolzina",2014,"AGGRESSIVE BEHAVIOR","October 2009"
"Ekaterina Podkolzina",2014,"ARMED ROBBERY","October 2009"
"Ekaterina Podkolzina",2014,BULLYING,"October 2009"
"Ekaterina Podkolzina",2014,"DRESS CODE VIOLATIONS","September 2009"
"Ekaterina Podkolzina",2014,"MULT CLASSROOM OFFENSES, PARENT NOTIFIED","September 2009"
"Eli Bowen",121,"DRESS CODE VIOLATIONS","December 2009"
"Eli Bowen",121,"MULT CLASSROOM OFFENSES, PARENT NOTIFIED","December 2009"
"Eli Bowen",121,"AGGRAVATED BATTERY","January 2010"
"Eric Swift",1021,"ARMED ROBBERY","December 2008"
"Eric Swift",1021,"AGGRESSIVE BEHAVIOR","February 2009"
"Eric Swift",1021,"ARMED ROBBERY","February 2009"
"Eric Swift",1021,BULLYING,"February 2009"
"Eric Swift",1021,"DRESS CODE VIOLATIONS","February 2009"
"Eric Swift",1021,"AGGRAVATED BATTERY","January 2009"
"Eric Swift",1021,BULLYING,"January 2009"
"Eric Swift",1021,"DRESS CODE VIOLATIONS","January 2009"
"Eric Swift",1021,"MULT CLASSROOM OFFENSES, PARENT NOTIFIED","January 2009"
"Erik Rucker",881,"MULT CLASSROOM OFFENSES, PARENT NOTIFIED","October 2008"
"Erik Rucker",881,"AGGRESSIVE BEHAVIOR","September 2008"
"Erik Rucker",881,"ARMED ROBBERY","September 2008"
"Erik Rucker",881,BULLYING,"September 2008"
"Erik Rucker",881,"DRESS CODE VIOLATIONS","September 2008"
"Erwin Zischka",3567,BULLYING,"September 2008"
"Erwin Zischka",3567,"DRESS CODE VIOLATIONS","September 2008"
"Erwin Zischka",3567,"MULT CLASSROOM OFFENSES, PARENT NOTIFIED","September 2008"
"Esko Sario",3307,"AGGRAVATED BATTERY","April 2010"
"Esko Sario",3307,"DRESS CODE VIOLATIONS","April 2010"
"Esko Sario",3307,"MULT CLASSROOM OFFENSES, PARENT NOTIFIED","April 2010"
"Esko Sario",3307,"AGGRESSIVE BEHAVIOR","May 2010"
"Esko Sario",3307,"ARMED ROBBERY","May 2010"
"Esko Sario",3307,BULLYING,"May 2010"
"Etienne  Jacques",461,"AGGRAVATED BATTERY","August 2009"
"Etienne  Jacques",461,"DRESS CODE VIOLATIONS","August 2009"
"Etienne  Jacques",461,"MULT CLASSROOM OFFENSES, PARENT NOTIFIED","August 2009"
"Etienne  Jacques",461,"MULT CLASSROOM OFFENSES, PARENT NOTIFIED","October 2009"
"Etienne  Jacques",461,"AGGRESSIVE BEHAVIOR","September 2009"
"Etienne  Jacques",461,"ARMED ROBBERY","September 2009"
"Etienne  Jacques",461,BULLYING,"September 2009"
"Etienne  Jacques",461,"DRESS CODE VIOLATIONS","September 2009"
"Euan Garden",2737,"AGGRAVATED BATTERY","December 2008"
"Euan Garden",2737,"MULT CLASSROOM OFFENSES, PARENT NOTIFIED","December 2008"
"Euan Garden",2737,"AGGRESSIVE BEHAVIOR","November 2008"
"Euan Garden",2737,"ARMED ROBBERY","November 2008"
"Euan Garden",2737,BULLYING,"November 2008"
"Euan Garden",2737,"DRESS CODE VIOLATIONS","November 2008"
"Euan Garden",2737,"AGGRAVATED BATTERY","October 2008"
"Eugene Kogan",551,"DRESS CODE VIOLATIONS","February 2009"
"Eugene Kogan",551,"MULT CLASSROOM OFFENSES, PARENT NOTIFIED","March 2009"
"Eugene Zabokritski",2354,"AGGRAVATED BATTERY","April 2009"
"Eugene Zabokritski",2354,"AGGRESSIVE BEHAVIOR","April 2009"
"Eugene Zabokritski",2354,BULLYING,"April 2009"
"Eugene Zabokritski",2354,"DRESS CODE VIOLATIONS","April 2009"
"Eugene Zabokritski",2354,"MULT CLASSROOM OFFENSES, PARENT NOTIFIED","April 2009"
"Eugene Zabokritski",2354,"AGGRESSIVE BEHAVIOR","March 2009"
"Eugene Zabokritski",2354,"ARMED ROBBERY","March 2009"
"Eva Corets",2617,"AGGRESSIVE BEHAVIOR","August 2009"
"Eva Corets",2617,"ARMED ROBBERY","August 2009"
"Eva Corets",2617,BULLYING,"August 2009"
"Eva Corets",2617,"DRESS CODE VIOLATIONS","August 2009"
"Eva Corets",2617,"AGGRAVATED BATTERY","May 2009"
"Eva Corets",2617,"DRESS CODE VIOLATIONS","May 2009"
"Eva Corets",2617,"MULT CLASSROOM OFFENSES, PARENT NOTIFIED","May 2009"
"Eva Elznicova",2687,"AGGRAVATED BATTERY","April 2010"
"Eva Elznicova",2687,"AGGRESSIVE BEHAVIOR","April 2010"
"Eva Elznicova",2687,"ARMED ROBBERY","April 2010"
"Eva Elznicova",2687,BULLYING,"April 2010"
"Eva Elznicova",2687,"ARMED ROBBERY","March 2010"
"Eva Elznicova",2687,BULLYING,"March 2010"
"Eva Elznicova",2687,"DRESS CODE VIOLATIONS","March 2010"
"Eva Elznicova",2687,"MULT CLASSROOM OFFENSES, PARENT NOTIFIED","March 2010"
"Fabien Hernoux",2827,"ARMED ROBBERY","October 2008"
"Fabien Hernoux",2827,BULLYING,"October 2008"
"Fabien Hernoux",2827,"AGGRAVATED BATTERY","September 2008"
"Fabien Hernoux",2827,"AGGRESSIVE BEHAVIOR","September 2008"
"Fabien Hernoux",2827,"MULT CLASSROOM OFFENSES, PARENT NOTIFIED","September 2008"
"Francisco Chaves",191,"AGGRESSIVE BEHAVIOR","April 2009"
"Francisco Chaves",191,"ARMED ROBBERY","April 2009"
"Francisco Chaves",191,"ARMED ROBBERY","February 2009"
"Francisco Chaves",191,"AGGRAVATED BATTERY","March 2009"
"Francisco Chaves",191,BULLYING,"March 2009"
"Francisco Chaves",191,"DRESS CODE VIOLATIONS","March 2009"
"Francisco Chaves",191,"MULT CLASSROOM OFFENSES, PARENT NOTIFIED","March 2009"
"Franck Halmaert",391,"AGGRAVATED BATTERY","December 2008"
"Franck Halmaert",391,"ARMED ROBBERY","November 2008"
"Franck Halmaert",391,BULLYING,"November 2008"
"Franck Halmaert",391,"DRESS CODE VIOLATIONS","November 2008"
"Franck Halmaert",391,"MULT CLASSROOM OFFENSES, PARENT NOTIFIED","November 2008"
"Franck Halmaert",391,"AGGRAVATED BATTERY","October 2008"
"Franck Halmaert",391,"AGGRESSIVE BEHAVIOR","October 2008"
"Franck Halmaert",391,"DRESS CODE VIOLATIONS","October 2008"
"Franck Halmaert",391,"MULT CLASSROOM OFFENSES, PARENT NOTIFIED","October 2008"
"Frank Martφnez",1874,"ARMED ROBBERY","September 2009"
"Frank Miller",1904,BULLYING,"December 2009"
"Frank Miller",1904,"ARMED ROBBERY","February 2010"
"Frank Miller",1904,BULLYING,"February 2010"
"Frank Miller",1904,"DRESS CODE VIOLATIONS","February 2010"
"Frank Miller",1904,"MULT CLASSROOM OFFENSES, PARENT NOTIFIED","February 2010"
"Frank Miller",1904,"AGGRAVATED BATTERY","January 2010"
"Frank Miller",1904,"AGGRESSIVE BEHAVIOR","January 2010"
"Frank Miller",1904,"DRESS CODE VIOLATIONS","January 2010"
"Frank Miller",1904,"MULT CLASSROOM OFFENSES, PARENT NOTIFIED","January 2010"
"Frederic Bojman",111,"ARMED ROBBERY","December 2009"
"Frederic Bojman",111,BULLYING,"December 2009"
"Frederic Bojman",111,"AGGRAVATED BATTERY","November 2009"
"Frederic Bojman",111,"AGGRESSIVE BEHAVIOR","November 2009"
"Frederic Bojman",111,BULLYING,"November 2009"
"Frederic Bojman",111,"DRESS CODE VIOLATIONS","November 2009"
"Frederic Bojman",111,"MULT CLASSROOM OFFENSES, PARENT NOTIFIED","November 2009"
"Frederic Bojman",111,"ARMED ROBBERY","October 2009"
"Gail  Erickson",291,"AGGRESSIVE BEHAVIOR","April 2009"
"Gail  Erickson",291,"ARMED ROBBERY","April 2009"
"Gail  Erickson",291,"AGGRAVATED BATTERY","February 2009"
"Gail  Erickson",291,"AGGRESSIVE BEHAVIOR","February 2009"
"Gail  Erickson",291,"ARMED ROBBERY","February 2009"
"Gail  Erickson",291,"AGGRAVATED BATTERY","March 2009"
"Gail  Erickson",291,BULLYING,"March 2009"
"Gail  Erickson",291,"DRESS CODE VIOLATIONS","March 2009"
"Gail  Erickson",291,"MULT CLASSROOM OFFENSES, PARENT NOTIFIED","March 2009"
"Garth Fort",2717,"AGGRAVATED BATTERY","September 2008"
"Gary  Yukish",1151,"AGGRESSIVE BEHAVIOR","December 2008"
"Gary  Yukish",1151,"ARMED ROBBERY","December 2008"
"Gary  Yukish",1151,BULLYING,"December 2008"
"Gary  Yukish",1151,"AGGRAVATED BATTERY","November 2008"
"Gary  Yukish",1151,BULLYING,"November 2008"
"Gary  Yukish",1151,"DRESS CODE VIOLATIONS","November 2008"
"Gary  Yukish",1151,"MULT CLASSROOM OFFENSES, PARENT NOTIFIED","November 2008"
"Gary  Yukish",1151,"ARMED ROBBERY","October 2008"
"Gary Schare",3317,"ARMED ROBBERY","October 2008"
"Gary Schare",3317,BULLYING,"October 2008"
"Gary Schare",3317,"DRESS CODE VIOLATIONS","October 2008"
"Gary Schare",3317,"MULT CLASSROOM OFFENSES, PARENT NOTIFIED","October 2008"
"Gary Schare",3317,"AGGRAVATED BATTERY","September 2008"
"Gary Schare",3317,"AGGRESSIVE BEHAVIOR","September 2008"
"Gary Schare",3317,"DRESS CODE VIOLATIONS","September 2008"
"Gary Schare",3317,"MULT CLASSROOM OFFENSES, PARENT NOTIFIED","September 2008"
"Geert Camelbeke",1354,"AGGRESSIVE BEHAVIOR","April 2009"
"Geert Camelbeke",1354,"ARMED ROBBERY","April 2009"
"George  Li",611,"AGGRESSIVE BEHAVIOR","November 2009"
"George  Li",611,"ARMED ROBBERY","November 2009"
"George  Li",611,BULLYING,"November 2009"
"George  Li",611,"DRESS CODE VIOLATIONS","November 2009"
"George  Li",611,"AGGRAVATED BATTERY","October 2009"
"George  Li",611,"DRESS CODE VIOLATIONS","October 2009"
"George  Li",611,"MULT CLASSROOM OFFENSES, PARENT NOTIFIED","October 2009"
"Gerrit  Straatsma",2204,"AGGRAVATED BATTERY","February 2009"
"Gerrit  Straatsma",2204,BULLYING,"February 2009"
"Gerrit  Straatsma",2204,"DRESS CODE VIOLATIONS","February 2009"
"Gerrit  Straatsma",2204,"MULT CLASSROOM OFFENSES, PARENT NOTIFIED","February 2009"
"Gerrit  Straatsma",2204,"ARMED ROBBERY","January 2009"
"Gerrit  Straatsma",2204,"AGGRESSIVE BEHAVIOR","March 2009"
"Gerrit  Straatsma",2204,"ARMED ROBBERY","March 2009"
"Gerrit  Straatsma",2204,BULLYING,"March 2009"
"Gitte Casparij",2577,"AGGRAVATED BATTERY","December 2008"
"Gitte Casparij",2577,"AGGRESSIVE BEHAVIOR","December 2008"
"Gitte Casparij",2577,"MULT CLASSROOM OFFENSES, PARENT NOTIFIED","December 2008"
"Gitte Casparij",2577,"AGGRESSIVE BEHAVIOR","November 2008"
"Gitte Casparij",2577,"ARMED ROBBERY","November 2008"
"Gitte Casparij",2577,BULLYING,"November 2008"
"Gitte Casparij",2577,"DRESS CODE VIOLATIONS","November 2008"
"Gitte Casparij",2577,"AGGRAVATED BATTERY","October 2008"
"Gitte Casparij",2577,"MULT CLASSROOM OFFENSES, PARENT NOTIFIED","October 2008"
"Greg Chapman",2587,"ARMED ROBBERY","December 2008"
"Greg Chapman",2587,BULLYING,"December 2008"
"Greg Chapman",2587,"ARMED ROBBERY","February 2009"
"Greg Chapman",2587,BULLYING,"February 2009"
"Greg Chapman",2587,"AGGRAVATED BATTERY","January 2009"
"Greg Chapman",2587,"AGGRESSIVE BEHAVIOR","January 2009"
"Greg Chapman",2587,"DRESS CODE VIOLATIONS","January 2009"
"Greg Chapman",2587,"MULT CLASSROOM OFFENSES, PARENT NOTIFIED","January 2009"
"Gregory Weber",2304,"ARMED ROBBERY","December 2008"
"Gregory Weber",2304,BULLYING,"January 2009"
"Gregory Weber",2304,"DRESS CODE VIOLATIONS","January 2009"
"Hany Morcos",1924,"AGGRESSIVE BEHAVIOR","December 2008"
"Hany Morcos",1924,"ARMED ROBBERY","December 2008"
"Hany Morcos",1924,BULLYING,"December 2008"
"Hany Morcos",1924,"DRESS CODE VIOLATIONS","December 2008"
"Hany Morcos",1924,"AGGRAVATED BATTERY","November 2008"
"Hany Morcos",1924,BULLYING,"November 2008"
"Hany Morcos",1924,"DRESS CODE VIOLATIONS","November 2008"
"Hany Morcos",1924,"MULT CLASSROOM OFFENSES, PARENT NOTIFIED","November 2008"
"Hany Morcos",1924,"ARMED ROBBERY","October 2008"
"Hatim Aiad",1214,"AGGRAVATED BATTERY","February 2009"
"Hatim Aiad",1214,"AGGRESSIVE BEHAVIOR","February 2009"
"Hatim Aiad",1214,"ARMED ROBBERY","March 2009"
"Heidi Steen",2194,"AGGRAVATED BATTERY","December 2008"
"Heidi Steen",2194,"AGGRESSIVE BEHAVIOR","December 2008"
"Heidi Steen",2194,"ARMED ROBBERY","December 2008"
"Heidi Steen",2194,BULLYING,"December 2008"
"Heidi Steen",2194,"DRESS CODE VIOLATIONS","December 2008"
"Heidi Steen",2194,"AGGRAVATED BATTERY","January 2009"
"Heidi Steen",2194,"AGGRESSIVE BEHAVIOR","January 2009"
"Heidi Steen",2194,"MULT CLASSROOM OFFENSES, PARENT NOTIFIED","January 2009"
"Heidi Steen",2194,"MULT CLASSROOM OFFENSES, PARENT NOTIFIED","November 2008"
"Heinrich Fischer",2707,"MULT CLASSROOM OFFENSES, PARENT NOTIFIED","September 2008"
"Hemant Mahawar",1854,"AGGRAVATED BATTERY","August 2009"
"Hemant Mahawar",1854,"AGGRESSIVE BEHAVIOR","August 2009"
"Hemant Mahawar",1854,"ARMED ROBBERY","August 2009"
"Hemant Mahawar",1854,BULLYING,"August 2009"
"Hemant Mahawar",1854,"DRESS CODE VIOLATIONS","August 2009"
"Hemant Mahawar",1854,BULLYING,"May 2009"
"Hemant Mahawar",1854,"DRESS CODE VIOLATIONS","May 2009"
"Hemant Mahawar",1854,"MULT CLASSROOM OFFENSES, PARENT NOTIFIED","May 2009"
"Henriette  Andersen",1234,"AGGRAVATED BATTERY","August 2009"
"Henriette  Andersen",1234,BULLYING,"August 2009"
"Henriette  Andersen",1234,"DRESS CODE VIOLATIONS","August 2009"
"Henriette  Andersen",1234,"MULT CLASSROOM OFFENSES, PARENT NOTIFIED","August 2009"
"Henriette  Andersen",1234,"ARMED ROBBERY","May 2009"
"Henrik Jensen",1674,"ARMED ROBBERY","October 2008"
"Henrik Jensen",1674,BULLYING,"October 2008"
"Henrik Jensen",1674,"AGGRAVATED BATTERY","September 2008"
"Henrik Jensen",1674,"AGGRESSIVE BEHAVIOR","September 2008"
"Henrik Jensen",1674,"MULT CLASSROOM OFFENSES, PARENT NOTIFIED","September 2008"
"Hideatsu Hosokai",1644,"AGGRAVATED BATTERY","May 2010"
"Hideatsu Hosokai",1644,"AGGRESSIVE BEHAVIOR","May 2010"
"Hideatsu Hosokai",1644,"ARMED ROBBERY","May 2010"
"Howard Gonzalez",361,BULLYING,"January 2010"
"Iben Thorell",3437,"AGGRAVATED BATTERY","August 2010"
"Iben Thorell",3437,BULLYING,"August 2010"
"Iben Thorell",3437,"DRESS CODE VIOLATIONS","August 2010"
"Iben Thorell",3437,"MULT CLASSROOM OFFENSES, PARENT NOTIFIED","August 2010"
"Iben Thorell",3437,"AGGRESSIVE BEHAVIOR","May 2010"
"Iben Thorell",3437,"ARMED ROBBERY","May 2010"
"Ioan Crisiarcu",221,"ARMED ROBBERY","October 2009"
"Ioan Crisiarcu",221,BULLYING,"October 2009"
"Ioan Crisiarcu",221,"DRESS CODE VIOLATIONS","October 2009"
"Irene J°ergensen",2877,"MULT CLASSROOM OFFENSES, PARENT NOTIFIED","August 2009"
"Irene J°ergensen",2877,"AGGRAVATED BATTERY","September 2009"
"Irene J°ergensen",2877,"AGGRESSIVE BEHAVIOR","September 2009"
"Isabelle Scemla",2114,"ARMED ROBBERY","December 2009"
"Isabelle Scemla",2114,BULLYING,"December 2009"
"Isabelle Scemla",2114,"DRESS CODE VIOLATIONS","December 2009"
"Isabelle Scemla",2114,"MULT CLASSROOM OFFENSES, PARENT NOTIFIED","December 2009"
"Isabelle Scemla",2114,"AGGRAVATED BATTERY","January 2010"
"Isabelle Scemla",2114,"AGGRESSIVE BEHAVIOR","November 2009"
"Ivan Komashinsky",2957,"AGGRESSIVE BEHAVIOR","September 2008"
"Jacky Chen",1394,"ARMED ROBBERY","November 2009"
"Jacky Chen",1394,BULLYING,"November 2009"
"Jacky Chen",1394,"AGGRESSIVE BEHAVIOR","October 2009"
"Jae  Pak",1974,"AGGRAVATED BATTERY","April 2009"
"Jae  Pak",1974,"AGGRESSIVE BEHAVIOR","April 2009"
"Jae  Pak",1974,"ARMED ROBBERY","April 2009"
"Jae  Pak",1974,BULLYING,"April 2009"
"Jae  Pak",1974,"DRESS CODE VIOLATIONS","April 2009"
"James Wittrell",3527,"AGGRAVATED BATTERY","December 2009"
"James Wittrell",3527,"AGGRESSIVE BEHAVIOR","December 2009"
"James Wittrell",3527,"DRESS CODE VIOLATIONS","December 2009"
"James Wittrell",3527,"MULT CLASSROOM OFFENSES, PARENT NOTIFIED","December 2009"
"James Wittrell",3527,"ARMED ROBBERY","January 2010"
"James Wittrell",3527,"AGGRESSIVE BEHAVIOR","November 2009"
"James Wittrell",3527,"ARMED ROBBERY","November 2009"
"James Wittrell",3527,BULLYING,"November 2009"
"Jamie Campbell",2557,"AGGRAVATED BATTERY","December 2009"
"Jamie Campbell",2557,"AGGRESSIVE BEHAVIOR","December 2009"
"Jamie Campbell",2557,"ARMED ROBBERY","December 2009"
"Jamie Campbell",2557,"MULT CLASSROOM OFFENSES, PARENT NOTIFIED","December 2009"
"Jamie Campbell",2557,BULLYING,"January 2010"
"Jamie Reding",3247,"DRESS CODE VIOLATIONS","August 2009"
"Jamie Reding",3247,"MULT CLASSROOM OFFENSES, PARENT NOTIFIED","August 2009"
"Jamie Reding",3247,BULLYING,"May 2009"
"Jan Dryml",1464,"AGGRAVATED BATTERY","August 2009"
"Jan Dryml",1464,"ARMED ROBBERY","August 2009"
"Jan Dryml",1464,BULLYING,"August 2009"
"Jan Dryml",1464,"DRESS CODE VIOLATIONS","August 2009"
"Jan Dryml",1464,"MULT CLASSROOM OFFENSES, PARENT NOTIFIED","August 2009"
"Jan Dryml",1464,"AGGRESSIVE BEHAVIOR","September 2009"
"Jan Dryml",1464,"ARMED ROBBERY","September 2009"
"Jan Dryml",1464,BULLYING,"September 2009"
"Jane Dow",261,"DRESS CODE VIOLATIONS","November 2008"
"Jane Dow",261,"MULT CLASSROOM OFFENSES, PARENT NOTIFIED","November 2008"
"Jane Dow",261,BULLYING,"October 2008"
"Janet Galore",331,"AGGRESSIVE BEHAVIOR","October 2009"
"Janet Galore",331,"ARMED ROBBERY","October 2009"
"Janet Galore",331,BULLYING,"October 2009"
"Janet Galore",331,"AGGRAVATED BATTERY","September 2009"
"Janet Galore",331,"DRESS CODE VIOLATIONS","September 2009"
"Janet Galore",331,"MULT CLASSROOM OFFENSES, PARENT NOTIFIED","September 2009"
"Janusz Malgorzaciak",661,"AGGRAVATED BATTERY","December 2008"
"Janusz Malgorzaciak",661,"AGGRESSIVE BEHAVIOR","December 2008"
"Janusz Malgorzaciak",661,BULLYING,"December 2008"
"Janusz Malgorzaciak",661,"DRESS CODE VIOLATIONS","December 2008"
"Janusz Malgorzaciak",661,"MULT CLASSROOM OFFENSES, PARENT NOTIFIED","December 2008"
"Jean  Bagel",61,BULLYING,"March 2009"
"Jeff Ford",1514,"ARMED ROBBERY","December 2009"
"Jeff Ford",1514,BULLYING,"December 2009"
"Jeff Ford",1514,"DRESS CODE VIOLATIONS","December 2009"
"Jeff Ford",1514,"MULT CLASSROOM OFFENSES, PARENT NOTIFIED","December 2009"
"Jeff Ford",1514,"AGGRAVATED BATTERY","January 2010"
"Jeff Ford",1514,"AGGRESSIVE BEHAVIOR","January 2010"
"Jeff Ford",1514,"ARMED ROBBERY","January 2010"
"Jeff Low",1834,"AGGRESSIVE BEHAVIOR","March 2009"
"Jeff Low",1834,"ARMED ROBBERY","March 2009"
"Jeff Phillips",2004,"ARMED ROBBERY","September 2009"
"Jeff Phillips",2004,BULLYING,"September 2009"
"Jeff Stammler",991,"AGGRAVATED BATTERY","November 2009"
"Jeff Stammler",991,"AGGRESSIVE BEHAVIOR","November 2009"
"Jeff Stammler",991,"ARMED ROBBERY","November 2009"
"Jeff Stammler",991,"MULT CLASSROOM OFFENSES, PARENT NOTIFIED","November 2009"
"Jeff Stammler",991,"DRESS CODE VIOLATIONS","October 2009"
"Jeff Teper",1031,"AGGRAVATED BATTERY","April 2009"
"Jeff Teper",1031,"AGGRESSIVE BEHAVIOR","April 2009"
"Jeff Teper",1031,BULLYING,"April 2009"
"Jeff Teper",1031,"DRESS CODE VIOLATIONS","April 2009"
"Jeff Teper",1031,"MULT CLASSROOM OFFENSES, PARENT NOTIFIED","April 2009"
"Jeff Teper",1031,"AGGRAVATED BATTERY","March 2009"
"Jeff Teper",1031,"AGGRESSIVE BEHAVIOR","March 2009"
"Jeff Teper",1031,"ARMED ROBBERY","March 2009"
"Jeff Teper",1031,"MULT CLASSROOM OFFENSES, PARENT NOTIFIED","March 2009"
"Jeffrey Zeng",1161,"DRESS CODE VIOLATIONS","December 2008"
"Jeffrey Zeng",1161,"MULT CLASSROOM OFFENSES, PARENT NOTIFIED","December 2008"
"Jeffrey Zeng",1161,"AGGRAVATED BATTERY","January 2009"
"Jenny Liu",621,"AGGRAVATED BATTERY","December 2009"
"Jenny Liu",621,"AGGRESSIVE BEHAVIOR","December 2009"
"Jenny Liu",621,"ARMED ROBBERY","December 2009"
"Jenny Liu",621,BULLYING,"December 2009"
"Jenny Liu",621,"AGGRAVATED BATTERY","January 2010"
"Jenny Liu",621,"AGGRESSIVE BEHAVIOR","January 2010"
"Jenny Liu",621,"DRESS CODE VIOLATIONS","January 2010"
"Jenny Liu",621,"MULT CLASSROOM OFFENSES, PARENT NOTIFIED","January 2010"
"Jenny Liu",621,"MULT CLASSROOM OFFENSES, PARENT NOTIFIED","November 2009"
"Jeroen Cool",1414,BULLYING,"October 2008"
"Jeroen Cool",1414,"AGGRAVATED BATTERY","September 2008"
"Jeroen Cool",1414,"AGGRESSIVE BEHAVIOR","September 2008"
"Jeroen Cool",1414,"ARMED ROBBERY","September 2008"
"Jeroen Cool",1414,"MULT CLASSROOM OFFENSES, PARENT NOTIFIED","September 2008"
"Jerry Orman",1964,"MULT CLASSROOM OFFENSES, PARENT NOTIFIED","March 2009"
"Jesse Merriam",1894,"AGGRAVATED BATTERY","December 2009"
"Jesse Merriam",1894,"AGGRESSIVE BEHAVIOR","December 2009"
"Jesse Merriam",1894,"ARMED ROBBERY","December 2009"
"Jesse Merriam",1894,"ARMED ROBBERY","November 2009"
"Jesse Merriam",1894,BULLYING,"November 2009"
"Jesse Merriam",1894,"DRESS CODE VIOLATIONS","November 2009"
"Jesse Merriam",1894,"MULT CLASSROOM OFFENSES, PARENT NOTIFIED","November 2009"
"Jim Daly",231,"AGGRAVATED BATTERY","November 2009"
"Jim Daly",231,"MULT CLASSROOM OFFENSES, PARENT NOTIFIED","November 2009"
"Jim Glynn",1554,"MULT CLASSROOM OFFENSES, PARENT NOTIFIED","December 2008"
"Jim Glynn",1554,"AGGRAVATED BATTERY","January 2009"
"Jim Glynn",1554,"AGGRESSIVE BEHAVIOR","January 2009"
"Jim Glynn",1554,"ARMED ROBBERY","January 2009"
"Jim Kim",531,"AGGRAVATED BATTERY","December 2008"
"Jim Kim",531,"AGGRESSIVE BEHAVIOR","December 2008"
"Jim Kim",531,"ARMED ROBBERY","December 2008"
"Jim Kim",531,"AGGRESSIVE BEHAVIOR","February 2009"
"Jim Kim",531,"AGGRAVATED BATTERY","January 2009"
"Jim Kim",531,BULLYING,"January 2009"
"Jim Kim",531,"DRESS CODE VIOLATIONS","January 2009"
"Jim Kim",531,"MULT CLASSROOM OFFENSES, PARENT NOTIFIED","January 2009"
"Jim Ptaszynski",831,"AGGRAVATED BATTERY","August 2009"
"Jim Ptaszynski",831,"AGGRESSIVE BEHAVIOR","August 2009"
"Jim Ptaszynski",831,"ARMED ROBBERY","August 2009"
"Jim Ptaszynski",831,BULLYING,"August 2009"
"Jim Ptaszynski",831,"MULT CLASSROOM OFFENSES, PARENT NOTIFIED","August 2009"
"Jim Ptaszynski",831,BULLYING,"May 2009"
"Jim Ptaszynski",831,"DRESS CODE VIOLATIONS","May 2009"
"Jim Ptaszynski",831,"DRESS CODE VIOLATIONS","September 2009"
"Jim Ptaszynski",831,"MULT CLASSROOM OFFENSES, PARENT NOTIFIED","September 2009"
"Joe Healy",1614,"AGGRAVATED BATTERY","December 2009"
"Joe Healy",1614,BULLYING,"December 2009"
"Joe Healy",1614,"DRESS CODE VIOLATIONS","December 2009"
"Joe Healy",1614,"MULT CLASSROOM OFFENSES, PARENT NOTIFIED","December 2009"
"Joe Healy",1614,"AGGRAVATED BATTERY","November 2009"
"Joe Healy",1614,"AGGRESSIVE BEHAVIOR","November 2009"
"Joe Healy",1614,"ARMED ROBBERY","November 2009"
"Joe Healy",1614,"MULT CLASSROOM OFFENSES, PARENT NOTIFIED","November 2009"
"Joel Frauenheim",321,"ARMED ROBBERY","August 2009"
"Joel Frauenheim",321,BULLYING,"September 2009"
"Johan LetzΘn",3007,"AGGRAVATED BATTERY","April 2009"
"Johan LetzΘn",3007,"AGGRESSIVE BEHAVIOR","April 2009"
"Johan LetzΘn",3007,"AGGRAVATED BATTERY","February 2009"
"Johan LetzΘn",3007,"AGGRESSIVE BEHAVIOR","February 2009"
"Johan LetzΘn",3007,"ARMED ROBBERY","March 2009"
"Johan LetzΘn",3007,BULLYING,"March 2009"
"Johan LetzΘn",3007,"DRESS CODE VIOLATIONS","March 2009"
"Johan LetzΘn",3007,"MULT CLASSROOM OFFENSES, PARENT NOTIFIED","March 2009"
"John Rodman",3267,"AGGRESSIVE BEHAVIOR","October 2009"
"John Rodman",3267,"ARMED ROBBERY","October 2009"
"John Smith",3367,"AGGRAVATED BATTERY","April 2009"
"John Smith",3367,"AGGRESSIVE BEHAVIOR","April 2009"
"John Smith",3367,"ARMED ROBBERY","April 2009"
"John Smith",3367,"MULT CLASSROOM OFFENSES, PARENT NOTIFIED","April 2009"
"John Smith",3367,"AGGRESSIVE BEHAVIOR","August 2009"
"John Smith",3367,"ARMED ROBBERY","August 2009"
"John Smith",3367,"AGGRAVATED BATTERY","May 2009"
"John Smith",3367,BULLYING,"May 2009"
"John Smith",3367,"DRESS CODE VIOLATIONS","May 2009"
"John Smith",3367,"MULT CLASSROOM OFFENSES, PARENT NOTIFIED","May 2009"
"John Woods",1131,"AGGRAVATED BATTERY","September 2008"
"John Woods",1131,"AGGRESSIVE BEHAVIOR","September 2008"
"Johnson Apacible",1244,"AGGRESSIVE BEHAVIOR","August 2009"
"Johnson Apacible",1244,"AGGRAVATED BATTERY","October 2009"
"Johnson Apacible",1244,"AGGRESSIVE BEHAVIOR","October 2009"
"Johnson Apacible",1244,"ARMED ROBBERY","September 2009"
"Johnson Apacible",1244,BULLYING,"September 2009"
"Johnson Apacible",1244,"DRESS CODE VIOLATIONS","September 2009"
"Johnson Apacible",1244,"MULT CLASSROOM OFFENSES, PARENT NOTIFIED","September 2009"
"Jon Cantrell",161,"AGGRAVATED BATTERY","December 2008"
"Jon Cantrell",161,"MULT CLASSROOM OFFENSES, PARENT NOTIFIED","December 2008"
"Jon Cantrell",161,"AGGRESSIVE BEHAVIOR","January 2009"
"Jon Orton",3167,BULLYING,"December 2009"
"Jon Orton",3167,"DRESS CODE VIOLATIONS","December 2009"
"Jon Orton",3167,"AGGRAVATED BATTERY","November 2009"
"Jon Orton",3167,"AGGRESSIVE BEHAVIOR","November 2009"
"Jon Orton",3167,"ARMED ROBBERY","November 2009"
"Jon Orton",3167,"MULT CLASSROOM OFFENSES, PARENT NOTIFIED","November 2009"
"Jossef Goldberg",2757,"MULT CLASSROOM OFFENSES, PARENT NOTIFIED","February 2009"
"Jossef Goldberg",2757,"AGGRAVATED BATTERY","March 2009"
"Jossef Goldberg",2757,"AGGRESSIVE BEHAVIOR","March 2009"
"JosΘ Saraiva",2104,"AGGRAVATED BATTERY","November 2009"
"JosΘ Saraiva",2104,BULLYING,"November 2009"
"JosΘ Saraiva",2104,"DRESS CODE VIOLATIONS","November 2009"
"JosΘ Saraiva",2104,"MULT CLASSROOM OFFENSES, PARENT NOTIFIED","November 2009"
"Julian Isla",1654,BULLYING,"May 2010"
"J≤zsef Krßnitz",2967,"ARMED ROBBERY","September 2008"
"Karel Florian",311,"AGGRAVATED BATTERY","August 2009"
"Karel Florian",311,"AGGRESSIVE BEHAVIOR","August 2009"
"Karel Florian",311,"MULT CLASSROOM OFFENSES, PARENT NOTIFIED","August 2009"
"Karen Berg",1294,"MULT CLASSROOM OFFENSES, PARENT NOTIFIED","September 2008"
"Karen Toh",2244,"ARMED ROBBERY","August 2009"
"Karen Toh",2244,BULLYING,"August 2009"
"Karen Toh",2244,"AGGRESSIVE BEHAVIOR","May 2009"
"Kari Furse",2727,"ARMED ROBBERY","October 2008"
"Kari Furse",2727,BULLYING,"October 2008"
"Kari Furse",2727,"DRESS CODE VIOLATIONS","October 2008"
"Kari Furse",2727,"MULT CLASSROOM OFFENSES, PARENT NOTIFIED","October 2008"
"Kari Furse",2727,"AGGRESSIVE BEHAVIOR","September 2008"
"Karin Lamb",591,"DRESS CODE VIOLATIONS","August 2009"
"Karolina Sa?as-Szlejter",2094,"AGGRAVATED BATTERY","August 2009"
"Karolina Sa?as-Szlejter",2094,"AGGRAVATED BATTERY","October 2009"
"Karolina Sa?as-Szlejter",2094,"AGGRESSIVE BEHAVIOR","October 2009"
"Karolina Sa?as-Szlejter",2094,"ARMED ROBBERY","October 2009"
"Karolina Sa?as-Szlejter",2094,"MULT CLASSROOM OFFENSES, PARENT NOTIFIED","October 2009"
"Karolina Sa?as-Szlejter",2094,"AGGRESSIVE BEHAVIOR","September 2009"
"Karolina Sa?as-Szlejter",2094,"ARMED ROBBERY","September 2009"
"Karolina Sa?as-Szlejter",2094,BULLYING,"September 2009"
"Karolina Sa?as-Szlejter",2094,"DRESS CODE VIOLATIONS","September 2009"
"KC Lemson",1804,"AGGRAVATED BATTERY","December 2008"
"KC Lemson",1804,"AGGRESSIVE BEHAVIOR","December 2008"
"KC Lemson",1804,"ARMED ROBBERY","December 2008"
"KC Lemson",1804,"MULT CLASSROOM OFFENSES, PARENT NOTIFIED","December 2008"
"Kelly Rollin",871,"AGGRAVATED BATTERY","December 2009"
"Ken Kwok",2987,"AGGRESSIVE BEHAVIOR","December 2008"
"Ken Kwok",2987,"ARMED ROBBERY","December 2008"
"Ken Kwok",2987,"AGGRAVATED BATTERY","November 2008"
"Ken Kwok",2987,BULLYING,"November 2008"
"Ken Kwok",2987,"DRESS CODE VIOLATIONS","November 2008"
"Ken Kwok",2987,"MULT CLASSROOM OFFENSES, PARENT NOTIFIED","November 2008"
"Ken Kwok",2987,"ARMED ROBBERY","October 2008"
"Kevin McDowell",1884,"AGGRESSIVE BEHAVIOR","November 2009"
"Kevin McDowell",1884,"AGGRAVATED BATTERY","October 2009"
